<state>
  <md5 file="DOC-calage.xy">604d9b2fb8e2143a77b755054b87caf2</md5>
  <md5 file="DOC-catalog.pdf">786f4dc7117e27e8667614df99c9437e</md5>
  <md5 file="DOC-corrige.pdf">dad184d75acbed61c09327adaecd00d3</md5>
  <md5 file="DOC-sujet.pdf">e76015d92ed734e0379d9dd12a4ae9b9</md5>
  <md5 file="source.tex">84495dc35c2d9823e5c282c2d7283c25</md5>
  <print date="2022-06-06 15:34:04" method="" printer="MFCL2740DW">1</print>
  <print date="2022-06-06 15:36:59" method="" printer="MFCL2740DW">1</print>
  <print date="2022-06-06 15:37:30" method="" printer="MFCL2740DW">1</print>
  <print date="2022-06-06 15:38:32" method="" printer="MFCL2740DW">1</print>
</state>
